Workbook

Sheet Instructions
A1: MODÈLE INDÉPENDANT — NE PAS REMPLACER PAR UN EXPORT DE L'APPLICATION
A2: Jeu de données | B2: STAGING-PROVISIONS-2026-R1
A3: Date de référence | B3: 2026-08-03
A4: Version des règles | B4: CI-CCI-1977-PROVISIONS-2026.2
A5: Période observée | B5: Janvier à août 2026
A6: Tolérance de comparaison | B6: 1 FCFA
A8: Mode d'emploi
A9: 1 | B9: Saisir les paies et leurs composantes dans l'onglet Périodes.
A10: 2 | B10: Indiquer FINALIZED ou DRAFT ; seules les lignes FINALIZED sont éligibles.
A11: 3 | B11: Saisir les données contractuelles et de congés dans Détails.
A12: 4 | B12: Vérifier manuellement toutes les formules avant signature.
A13: 5 | B13: C18 doit être NOT_APPLICABLE ; B01/B02 ne doivent pas entrer dans les totaux du tenant A.
A14: 6 | B14: Enregistrer le classeur final sous reference-provisions-2026.xlsx.
A15: 7 | B15: Signer/parapher puis calculer son SHA-256.
A17: Convention | B17: Valeur
A18: Acquisition congés | B18: 2,2 jours ouvrables par mois de service effectif
A19: Arrondi des droits | B19: CEILING à l'entier, puis présentation des jours à 2 décimales
A20: Diviseur journalier | B20: 26
A21: Règle du dixième | B21: 10 % de la rémunération de référence, proratisés par solde final / droits acquis
... A24: Arrondi monétaire | B24: ROUND_HALF_UP au FCFA
A26: ATTESTATION DU RESPONSABLE PAIE
A27: Nom et prénom | B27: Kabre Theodore
A28: Fonction | B28: Responsable Paie
A29: Date de préparation | B29: 04/08/2026
A30: Date d'approbation | B30: 04/08/2026
A31: Signature/paraphe | B31: [SIGNÉ NUMÉRIQUEMENT - KABRE THEODORE]
A32: Réserves

Sheet Périodes
A1: Cas | B1: Tenant | C1: Année | D1: Mois | E1: Statut paie | F1: Salaire base | G1: Sursalaire | H1: Primes éligibles | I1: Autres éléments éligibles | J1: Remboursements frais | K1: Rémunération éligible congés | L1: Rémunération éligible licenciement | M1: Source/justificatif | N1: Commentaire
A2: C01 | B2: A | C2: 2026 | D2: 1 | K2: =IF(E2="FINALIZED",ROUND(F2+G2+H2+I2,0),0) -> 0 | L2: =IF(E2="FINALIZED",ROUND(F2+G2+H2+I2,0),0) -> 0
A3: C01 | B3: A | C3: 2026 | D3: 2 | K3: =IF(E3="FINALIZED",ROUND(F3+G3+H3+I3,0),0) -> 0 | L3: =IF(E3="FINALIZED",ROUND(F3+G3+H3+I3,0),0) -> 0
A4: C01 | B4: A | C4: 2026 | D4: 3 | K4: =IF(E4="FINALIZED",ROUND(F4+G4+H4+I4,0),0) -> 0 | L4: =IF(E4="FINALIZED",ROUND(F4+G4+H4+I4,0),0) -> 0
A5: C01 | B5: A | C5: 2026 | D5: 4 | K5: =IF(E5="FINALIZED",ROUND(F5+G5+H5+I5,0),0) -> 0 | L5: =IF(E5="FINALIZED",ROUND(F5+G5+H5+I5,0),0) -> 0
A6: C01 | B6: A | C6: 2026 | D6: 5 | K6: =IF(E6="FINALIZED",ROUND(F6+G6+H6+I6,0),0) -> 0 | L6: =IF(E6="FINALIZED",ROUND(F6+G6+H6+I6,0),0) -> 0
A7: C01 | B7: A | C7: 2026 | D7: 6 | K7: =IF(E7="FINALIZED",ROUND(F7+G7+H7+I7,0),0) -> 0 | L7: =IF(E7="FINALIZED",ROUND(F7+G7+H7+I7,0),0) -> 0
A8: C01 | B8: A | C8: 2026 | D8: 7 | K8: =IF(E8="FINALIZED",ROUND(F8+G8+H8+I8,0),0) -> 0 | L8: =IF(E8="FINALIZED",ROUND(F8+G8+H8+I8,0),0) -> 0
A9: C01 | B9: A | C9: 2026 | D9: 8 | K9: =IF(E9="FINALIZED",ROUND(F9+G9+H9+I9,0),0) -> 0 | L9: =IF(E9="FINALIZED",ROUND(F9+G9+H9+I9,0),0) -> 0
A10: C01 | B10: A | C10: 2026 | D10: 9 | K10: =IF(E10="FINALIZED",ROUND(F10+G10+H10+I10,0),0) -> 0 | L10: =IF(E10="FINALIZED",ROUND(F10+G10+H10+I10,0),0) -> 0
A11: C01 | B11: A | C11: 2026 | D11: 10 | K11: =IF(E11="FINALIZED",ROUND(F11+G11+H11+I11,0),0) -> 0 | L11: =IF(E11="FINALIZED",ROUND(F11+G11+H11+I11,0),0) -> 0
A12: C01 | B12: A | C12: 2026 | D12: 11 | K12: =IF(E12="FINALIZED",ROUND(F12+G12+H12+I12,0),0) -> 0 | L12: =IF(E12="FINALIZED",ROUND(F12+G12+H12+I12,0),0) -> 0
A13: C01 | B13: A | C13: 2026 | D13: 12 | K13: =IF(E13="FINALIZED",ROUND(F13+G13+H13+I13,0),0) -> 0 | L13: =IF(E13="FINALIZED",ROUND(F13+G13+H13+I13,0),0) -> 0
... A241: B02 | B241: B | C241: 2026 | D241: 12 | K241: =IF(E241="FINALIZED",ROUND(F241+G241+H241+I241,0),0) -> 0 | L241: =IF(E241="FINALIZED",ROUND(F241+G241+H241+I241,0),0) -> 0

Sheet Détails
A1: Cas | B1: Tenant | C1: Scénario | D1: Matricule validation | E1: Date embauche | F1: Date référence | G1: Ancienneté mois | H1: Mois service effectif | I1: Mois paie utilisés | J1: Salaire contractuel | K1: Sursalaire contractuel | L1: Base fallback | M1: Total rémunération référence | N1: Salaire mensuel moyen | O1: Droits base 2,2 | P1: Bonus ancienneté | Q1: Droits acquis arrondis | R1: Solde ouverture | S1: Jours reportés | T1: Congés consommés | U1: Congés compensés/payés | V1: Solde final | W1: Taux journalier | X1: Maintien salaire | Y1: Règle dixième | Z1: Méthode retenue | AA1: Provision congés | AB1: Mois tranche 1 | AC1: Montant tranche 1 | AD1: Mois tranche 2 | AE1: Montant tranche 2 | AF1: Mois tranche 3 | AG1: Montant tranche 3 | AH1: Exposition licenciement | AI1: Statut attendu | AJ1: Warning/réserve | AK1: Source des données
A2: C01 | B2: A | C2: Ancienneté inférieure à un an | F2: 2026-08-03 | G2: =IF(OR(E2="",E2>F2),0,DATEDIF(E2,F2,"m")) -> 0 | I2: =COUNTIFS(Périodes!$A:$A,A2,Périodes!$E:$E,"FINALIZED") -> 0 | L2: =IF(OR(J2="",K2=""),"",ROUND(J2+K2,0)) | M2: =IF(I2=0,IF(L2="","",L2*12),SUMIFS(Périodes!$K:$K,Périodes!$A:$A,A2,Périodes!$E:$E,"FINALIZED")) | N2: =IF(I2=0,L2,ROUND(M2/I2,0)) | O2: =IF(H2="","",ROUND(H2*2.2,2)) | P2: =IF(G2>=360,8,IF(G2>=300,7,IF(G2>=240,5,IF(G2>=180,3,IF(G2>=120,2,IF(G2>=60,1,0)))))) -> 0 | Q2: =IF(O2="","",CEILING(O2,1)+P2) | V2: =IF(Q2="","",ROUND(R2+S2+Q2-T2-U2,2)) | W2: =IF(N2="","",ROUND(N2/26,0)) | X2: =IF(OR(W2="",V2=""),"",ROUND(MAX(0,V2)*W2,0)) | Y2: =IF(OR(M2="",Q2="",Q2=0,V2=""),"",ROUND(M2*10%*MAX(0,V2)/MAX(Q2,1),0)) | Z2: =IF(OR(X2="",Y2=""),"",IF(Y2>X2,"TENTH","SALARY_MAINTENANCE")) | AA2: =IF(OR(X2="",Y2=""),"",MAX(X2,Y2)) | AB2: =IF(G2<12,0,MIN(G2,60)) -> 0 | AC2: =IF(N2="","",ROUND(N2*(AB2/12)*30%,0)) | AD2: =IF(G2<12,0,MAX(0,MIN(G2-60,60))) -> 0 | AE2: =IF(N2="","",ROUND(N2*(AD2/12)*35%,0)) | AF2: =IF(G2<12,0,MAX(0,G2-120)) -> 0 | AG2: =IF(N2="","",ROUND(N2*(AF2/12)*40%,0)) | AH2: =IF(OR(AC2="",AE2="",AG2=""),"",AC2+AE2+AG2)
A3: C02 | B3: A | C3: Tranche 30 % | F3: 2026-08-03 | G3: =IF(OR(E3="",E3>F3),0,DATEDIF(E3,F3,"m")) -> 0 | I3: =COUNTIFS(Périodes!$A:$A,A3,Périodes!$E:$E,"FINALIZED") -> 0 | L3: =IF(OR(J3="",K3=""),"",ROUND(J3+K3,0)) | M3: =IF(I3=0,IF(L3="","",L3*12),SUMIFS(Périodes!$K:$K,Périodes!$A:$A,A3,Périodes!$E:$E,"FINALIZED")) | N3: =IF(I3=0,L3,ROUND(M3/I3,0)) | O3: =IF(H3="","",ROUND(H3*2.2,2)) | P3: =IF(G3>=360,8,IF(G3>=300,7,IF(G3>=240,5,IF(G3>=180,3,IF(G3>=120,2,IF(G3>=60,1,0)))))) -> 0 | Q3: =IF(O3="","",CEILING(O3,1)+P3) | V3: =IF(Q3="","",ROUND(R3+S3+Q3-T3-U3,2)) | W3: =IF(N3="","",ROUND(N3/26,0)) | X3: =IF(OR(W3="",V3=""),"",ROUND(MAX(0,V3)*W3,0)) | Y3: =IF(OR(M3="",Q3="",Q3=0,V3=""),"",ROUND(M3*10%*MAX(0,V3)/MAX(Q3,1),0)) | Z3: =IF(OR(X3="",Y3=""),"",IF(Y3>X3,"TENTH","SALARY_MAINTENANCE")) | AA3: =IF(OR(X3="",Y3=""),"",MAX(X3,Y3)) | AB3: =IF(G3<12,0,MIN(G3,60)) -> 0 | AC3: =IF(N3="","",ROUND(N3*(AB3/12)*30%,0)) | AD3: =IF(G3<12,0,MAX(0,MIN(G3-60,60))) -> 0 | AE3: =IF(N3="","",ROUND(N3*(AD3/12)*35%,0)) | AF3: =IF(G3<12,0,MAX(0,G3-120)) -> 0 | AG3: =IF(N3="","",ROUND(N3*(AF3/12)*40%,0)) | AH3: =IF(OR(AC3="",AE3="",AG3=""),"",AC3+AE3+AG3)
A4: C03 | B4: A | C4: Tranches 30 % et 35 % | F4: 2026-08-03 | G4: =IF(OR(E4="",E4>F4),0,DATEDIF(E4,F4,"m")) -> 0 | I4: =COUNTIFS(Périodes!$A:$A,A4,Périodes!$E:$E,"FINALIZED") -> 0 | L4: =IF(OR(J4="",K4=""),"",ROUND(J4+K4,0)) | M4: =IF(I4=0,IF(L4="","",L4*12),SUMIFS(Périodes!$K:$K,Périodes!$A:$A,A4,Périodes!$E:$E,"FINALIZED")) | N4: =IF(I4=0,L4,ROUND(M4/I4,0)) | O4: =IF(H4="","",ROUND(H4*2.2,2)) | P4: =IF(G4>=360,8,IF(G4>=300,7,IF(G4>=240,5,IF(G4>=180,3,IF(G4>=120,2,IF(G4>=60,1,0)))))) -> 0 | Q4: =IF(O4="","",CEILING(O4,1)+P4) | V4: =IF(Q4="","",ROUND(R4+S4+Q4-T4-U4,2)) | W4: =IF(N4="","",ROUND(N4/26,0)) | X4: =IF(OR(W4="",V4=""),"",ROUND(MAX(0,V4)*W4,0)) | Y4: =IF(OR(M4="",Q4="",Q4=0,V4=""),"",ROUND(M4*10%*MAX(0,V4)/MAX(Q4,1),0)) | Z4: =IF(OR(X4="",Y4=""),"",IF(Y4>X4,"TENTH","SALARY_MAINTENANCE")) | AA4: =IF(OR(X4="",Y4=""),"",MAX(X4,Y4)) | AB4: =IF(G4<12,0,MIN(G4,60)) -> 0 | AC4: =IF(N4="","",ROUND(N4*(AB4/12)*30%,0)) | AD4: =IF(G4<12,0,MAX(0,MIN(G4-60,60))) -> 0 | AE4: =IF(N4="","",ROUND(N4*(AD4/12)*35%,0)) | AF4: =IF(G4<12,0,MAX(0,G4-120)) -> 0 | AG4: =IF(N4="","",ROUND(N4*(AF4/12)*40%,0)) | AH4: =IF(OR(AC4="",AE4="",AG4=""),"",AC4+AE4+AG4)
A5: C04 | B5: A | C5: Tranches 30 %, 35 % et 40 % | F5: 2026-08-03 | G5: =IF(OR(E5="",E5>F5),0,DATEDIF(E5,F5,"m")) -> 0 | I5: =COUNTIFS(Périodes!$A:$A,A5,Périodes!$E:$E,"FINALIZED") -> 0 | L5: =IF(OR(J5="",K5=""),"",ROUND(J5+K5,0)) | M5: =IF(I5=0,IF(L5="","",L5*12),SUMIFS(Périodes!$K:$K,Périodes!$A:$A,A5,Périodes!$E:$E,"FINALIZED")) | N5: =IF(I5=0,L5,ROUND(M5/I5,0)) | O5: =IF(H5="","",ROUND(H5*2.2,2)) | P5: =IF(G5>=360,8,IF(G5>=300,7,IF(G5>=240,5,IF(G5>=180,3,IF(G5>=120,2,IF(G5>=60,1,0)))))) -> 0 | Q5: =IF(O5="","",CEILING(O5,1)+P5) | V5: =IF(Q5="","",ROUND(R5+S5+Q5-T5-U5,2)) | W5: =IF(N5="","",ROUND(N5/26,0)) | X5: =IF(OR(W5="",V5=""),"",ROUND(MAX(0,V5)*W5,0)) | Y5: =IF(OR(M5="",Q5="",Q5=0,V5=""),"",ROUND(M5*10%*MAX(0,V5)/MAX(Q5,1),0)) | Z5: =IF(OR(X5="",Y5=""),"",IF(Y5>X5,"TENTH","SALARY_MAINTENANCE")) | AA5: =IF(OR(X5="",Y5=""),"",MAX(X5,Y5)) | AB5: =IF(G5<12,0,MIN(G5,60)) -> 0 | AC5: =IF(N5="","",ROUND(N5*(AB5/12)*30%,0)) | AD5: =IF(G5<12,0,MAX(0,MIN(G5-60,60))) -> 0 | AE5: =IF(N5="","",ROUND(N5*(AD5/12)*35%,0)) | AF5: =IF(G5<12,0,MAX(0,G5-120)) -> 0 | AG5: =IF(N5="","",ROUND(N5*(AF5/12)*40%,0)) | AH5: =IF(OR(AC5="",AE5="",AG5=""),"",AC5+AE5+AG5)
A6: C05 | B6: A | C6: Bonus ancienneté 5 ans | F6: 2026-08-03 | G6: =IF(OR(E6="",E6>F6),0,DATEDIF(E6,F6,"m")) -> 0 | I6: =COUNTIFS(Périodes!$A:$A,A6,Périodes!$E:$E,"FINALIZED") -> 0 | L6: =IF(OR(J6="",K6=""),"",ROUND(J6+K6,0)) | M6: =IF(I6=0,IF(L6="","",L6*12),SUMIFS(Périodes!$K:$K,Périodes!$A:$A,A6,Périodes!$E:$E,"FINALIZED")) | N6: =IF(I6=0,L6,ROUND(M6/I6,0)) | O6: =IF(H6="","",ROUND(H6*2.2,2)) | P6: =IF(G6>=360,8,IF(G6>=300,7,IF(G6>=240,5,IF(G6>=180,3,IF(G6>=120,2,IF(G6>=60,1,0)))))) -> 0 | Q6: =IF(O6="","",CEILING(O6,1)+P6) | V6: =IF(Q6="","",ROUND(R6+S6+Q6-T6-U6,2)) | W6: =IF(N6="","",ROUND(N6/26,0)) | X6: =IF(OR(W6="",V6=""),"",ROUND(MAX(0,V6)*W6,0)) | Y6: =IF(OR(M6="",Q6="",Q6=0,V6=""),"",ROUND(M6*10%*MAX(0,V6)/MAX(Q6,1),0)) | Z6: =IF(OR(X6="",Y6=""),"",IF(Y6>X6,"TENTH","SALARY_MAINTENANCE")) | AA6: =IF(OR(X6="",Y6=""),"",MAX(X6,Y6)) | AB6: =IF(G6<12,0,MIN(G6,60)) -> 0 | AC6: =IF(N6="","",ROUND(N6*(AB6/12)*30%,0)) | AD6: =IF(G6<12,0,MAX(0,MIN(G6-60,60))) -> 0 | AE6: =IF(N6="","",ROUND(N6*(AD6/12)*35%,0)) | AF6: =IF(G6<12,0,MAX(0,G6-120)) -> 0 | AG6: =IF(N6="","",ROUND(N6*(AF6/12)*40%,0)) | AH6: =IF(OR(AC6="",AE6="",AG6=""),"",AC6+AE6+AG6)
A7: C06 | B7: A | C7: Bonus ancienneté 10 ans | F7: 2026-08-03 | G7: =IF(OR(E7="",E7>F7),0,DATEDIF(E7,F7,"m")) -> 0 | I7: =COUNTIFS(Périodes!$A:$A,A7,Périodes!$E:$E,"FINALIZED") -> 0 | L7: =IF(OR(J7="",K7=""),"",ROUND(J7+K7,0)) | M7: =IF(I7=0,IF(L7="","",L7*12),SUMIFS(Périodes!$K:$K,Périodes!$A:$A,A7,Périodes!$E:$E,"FINALIZED")) | N7: =IF(I7=0,L7,ROUND(M7/I7,0)) | O7: =IF(H7="","",ROUND(H7*2.2,2)) | P7: =IF(G7>=360,8,IF(G7>=300,7,IF(G7>=240,5,IF(G7>=180,3,IF(G7>=120,2,IF(G7>=60,1,0)))))) -> 0 | Q7: =IF(O7="","",CEILING(O7,1)+P7) | V7: =IF(Q7="","",ROUND(R7+S7+Q7-T7-U7,2)) | W7: =IF(N7="","",ROUND(N7/26,0)) | X7: =IF(OR(W7="",V7=""),"",ROUND(MAX(0,V7)*W7,0)) | Y7: =IF(OR(M7="",Q7="",Q7=0,V7=""),"",ROUND(M7*10%*MAX(0,V7)/MAX(Q7,1),0)) | Z7: =IF(OR(X7="",Y7=""),"",IF(Y7>X7,"TENTH","SALARY_MAINTENANCE")) | AA7: =IF(OR(X7="",Y7=""),"",MAX(X7,Y7)) | AB7: =IF(G7<12,0,MIN(G7,60)) -> 0 | AC7: =IF(N7="","",ROUND(N7*(AB7/12)*30%,0)) | AD7: =IF(G7<12,0,MAX(0,MIN(G7-60,60))) -> 0 | AE7: =IF(N7="","",ROUND(N7*(AD7/12)*35%,0)) | AF7: =IF(G7<12,0,MAX(0,G7-120)) -> 0 | AG7: =IF(N7="","",ROUND(N7*(AF7/12)*40%,0)) | AH7: =IF(OR(AC7="",AE7="",AG7=""),"",AC7+AE7+AG7)
A8: C07 | B8: A | C8: Bonus ancienneté 15 ans | F8: 2026-08-03 | G8: =IF(OR(E8="",E8>F8),0,DATEDIF(E8,F8,"m")) -> 0 | I8: =COUNTIFS(Périodes!$A:$A,A8,Périodes!$E:$E,"FINALIZED") -> 0 | L8: =IF(OR(J8="",K8=""),"",ROUND(J8+K8,0)) | M8: =IF(I8=0,IF(L8="","",L8*12),SUMIFS(Périodes!$K:$K,Périodes!$A:$A,A8,Périodes!$E:$E,"FINALIZED")) | N8: =IF(I8=0,L8,ROUND(M8/I8,0)) | O8: =IF(H8="","",ROUND(H8*2.2,2)) | P8: =IF(G8>=360,8,IF(G8>=300,7,IF(G8>=240,5,IF(G8>=180,3,IF(G8>=120,2,IF(G8>=60,1,0)))))) -> 0 | Q8: =IF(O8="","",CEILING(O8,1)+P8) | V8: =IF(Q8="","",ROUND(R8+S8+Q8-T8-U8,2)) | W8: =IF(N8="","",ROUND(N8/26,0)) | X8: =IF(OR(W8="",V8=""),"",ROUND(MAX(0,V8)*W8,0)) | Y8: =IF(OR(M8="",Q8="",Q8=0,V8=""),"",ROUND(M8*10%*MAX(0,V8)/MAX(Q8,1),0)) | Z8: =IF(OR(X8="",Y8=""),"",IF(Y8>X8,"TENTH","SALARY_MAINTENANCE")) | AA8: =IF(OR(X8="",Y8=""),"",MAX(X8,Y8)) | AB8: =IF(G8<12,0,MIN(G8,60)) -> 0 | AC8: =IF(N8="","",ROUND(N8*(AB8/12)*30%,0)) | AD8: =IF(G8<12,0,MAX(0,MIN(G8-60,60))) -> 0 | AE8: =IF(N8="","",ROUND(N8*(AD8/12)*35%,0)) | AF8: =IF(G8<12,0,MAX(0,G8-120)) -> 0 | AG8: =IF(N8="","",ROUND(N8*(AF8/12)*40%,0)) | AH8: =IF(OR(AC8="",AE8="",AG8=""),"",AC8+AE8+AG8)
A9: C08 | B9: A | C9: Bonus ancienneté 20 ans | F9: 2026-08-03 | G9: =IF(OR(E9="",E9>F9),0,DATEDIF(E9,F9,"m")) -> 0 | I9: =COUNTIFS(Périodes!$A:$A,A9,Périodes!$E:$E,"FINALIZED") -> 0 | L9: =IF(OR(J9="",K9=""),"",ROUND(J9+K9,0)) | M9: =IF(I9=0,IF(L9="","",L9*12),SUMIFS(Périodes!$K:$K,Périodes!$A:$A,A9,Périodes!$E:$E,"FINALIZED")) | N9: =IF(I9=0,L9,ROUND(M9/I9,0)) | O9: =IF(H9="","",ROUND(H9*2.2,2)) | P9: =IF(G9>=360,8,IF(G9>=300,7,IF(G9>=240,5,IF(G9>=180,3,IF(G9>=120,2,IF(G9>=60,1,0)))))) -> 0 | Q9: =IF(O9="","",CEILING(O9,1)+P9) | V9: =IF(Q9="","",ROUND(R9+S9+Q9-T9-U9,2)) | W9: =IF(N9="","",ROUND(N9/26,0)) | X9: =IF(OR(W9="",V9=""),"",ROUND(MAX(0,V9)*W9,0)) | Y9: =IF(OR(M9="",Q9="",Q9=0,V9=""),"",ROUND(M9*10%*MAX(0,V9)/MAX(Q9,1),0)) | Z9: =IF(OR(X9="",Y9=""),"",IF(Y9>X9,"TENTH","SALARY_MAINTENANCE")) | AA9: =IF(OR(X9="",Y9=""),"",MAX(X9,Y9)) | AB9: =IF(G9<12,0,MIN(G9,60)) -> 0 | AC9: =IF(N9="","",ROUND(N9*(AB9/12)*30%,0)) | AD9: =IF(G9<12,0,MAX(0,MIN(G9-60,60))) -> 0 | AE9: =IF(N9="","",ROUND(N9*(AD9/12)*35%,0)) | AF9: =IF(G9<12,0,MAX(0,G9-120)) -> 0 | AG9: =IF(N9="","",ROUND(N9*(AF9/12)*40%,0)) | AH9: =IF(OR(AC9="",AE9="",AG9=""),"",AC9+AE9+AG9)
A10: C09 | B10: A | C10: Bonus ancienneté 25 ans | F10: 2026-08-03 | G10: =IF(OR(E10="",E10>F10),0,DATEDIF(E10,F10,"m")) -> 0 | I10: =COUNTIFS(Périodes!$A:$A,A10,Périodes!$E:$E,"FINALIZED") -> 0 | L10: =IF(OR(J10="",K10=""),"",ROUND(J10+K10,0)) | M10: =IF(I10=0,IF(L10="","",L10*12),SUMIFS(Périodes!$K:$K,Périodes!$A:$A,A10,Périodes!$E:$E,"FINALIZED")) | N10: =IF(I10=0,L10,ROUND(M10/I10,0)) | O10: =IF(H10="","",ROUND(H10*2.2,2)) | P10: =IF(G10>=360,8,IF(G10>=300,7,IF(G10>=240,5,IF(G10>=180,3,IF(G10>=120,2,IF(G10>=60,1,0)))))) -> 0 | Q10: =IF(O10="","",CEILING(O10,1)+P10) | V10: =IF(Q10="","",ROUND(R10+S10+Q10-T10-U10,2)) | W10: =IF(N10="","",ROUND(N10/26,0)) | X10: =IF(OR(W10="",V10=""),"",ROUND(MAX(0,V10)*W10,0)) | Y10: =IF(OR(M10="",Q10="",Q10=0,V10=""),"",ROUND(M10*10%*MAX(0,V10)/MAX(Q10,1),0)) | Z10: =IF(OR(X10="",Y10=""),"",IF(Y10>X10,"TENTH","SALARY_MAINTENANCE")) | AA10: =IF(OR(X10="",Y10=""),"",MAX(X10,Y10)) | AB10: =IF(G10<12,0,MIN(G10,60)) -> 0 | AC10: =IF(N10="","",ROUND(N10*(AB10/12)*30%,0)) | AD10: =IF(G10<12,0,MAX(0,MIN(G10-60,60))) -> 0 | AE10: =IF(N10="","",ROUND(N10*(AD10/12)*35%,0)) | AF10: =IF(G10<12,0,MAX(0,G10-120)) -> 0 | AG10: =IF(N10="","",ROUND(N10*(AF10/12)*40%,0)) | AH10: =IF(OR(AC10="",AE10="",AG10=""),"",AC10+AE10+AG10)
A11: C10 | B11: A | C11: Bonus ancienneté 30 ans | F11: 2026-08-03 | G11: =IF(OR(E11="",E11>F11),0,DATEDIF(E11,F11,"m")) -> 0 | I11: =COUNTIFS(Périodes!$A:$A,A11,Périodes!$E:$E,"FINALIZED") -> 0 | L11: =IF(OR(J11="",K11=""),"",ROUND(J11+K11,0)) | M11: =IF(I11=0,IF(L11="","",L11*12),SUMIFS(Périodes!$K:$K,Périodes!$A:$A,A11,Périodes!$E:$E,"FINALIZED")) | N11: =IF(I11=0,L11,ROUND(M11/I11,0)) | O11: =IF(H11="","",ROUND(H11*2.2,2)) | P11: =IF(G11>=360,8,IF(G11>=300,7,IF(G11>=240,5,IF(G11>=180,3,IF(G11>=120,2,IF(G11>=60,1,0)))))) -> 0 | Q11: =IF(O11="","",CEILING(O11,1)+P11) | V11: =IF(Q11="","",ROUND(R11+S11+Q11-T11-U11,2)) | W11: =IF(N11="","",ROUND(N11/26,0)) | X11: =IF(OR(W11="",V11=""),"",ROUND(MAX(0,V11)*W11,0)) | Y11: =IF(OR(M11="",Q11="",Q11=0,V11=""),"",ROUND(M11*10%*MAX(0,V11)/MAX(Q11,1),0)) | Z11: =IF(OR(X11="",Y11=""),"",IF(Y11>X11,"TENTH","SALARY_MAINTENANCE")) | AA11: =IF(OR(X11="",Y11=""),"",MAX(X11,Y11)) | AB11: =IF(G11<12,0,MIN(G11,60)) -> 0 | AC11: =IF(N11="","",ROUND(N11*(AB11/12)*30%,0)) | AD11: =IF(G11<12,0,MAX(0,MIN(G11-60,60))) -> 0 | AE11: =IF(N11="","",ROUND(N11*(AD11/12)*35%,0)) | AF11: =IF(G11<12,0,MAX(0,G11-120)) -> 0 | AG11: =IF(N11="","",ROUND(N11*(AF11/12)*40%,0)) | AH11: =IF(OR(AC11="",AE11="",AG11=""),"",AC11+AE11+AG11)
A12: C11 | B12: A | C12: Congés consommés | F12: 2026-08-03 | G12: =IF(OR(E12="",E12>F12),0,DATEDIF(E12,F12,"m")) -> 0 | I12: =COUNTIFS(Périodes!$A:$A,A12,Périodes!$E:$E,"FINALIZED") -> 0 | L12: =IF(OR(J12="",K12=""),"",ROUND(J12+K12,0)) | M12: =IF(I12=0,IF(L12="","",L12*12),SUMIFS(Périodes!$K:$K,Périodes!$A:$A,A12,Périodes!$E:$E,"FINALIZED")) | N12: =IF(I12=0,L12,ROUND(M12/I12,0)) | O12: =IF(H12="","",ROUND(H12*2.2,2)) | P12: =IF(G12>=360,8,IF(G12>=300,7,IF(G12>=240,5,IF(G12>=180,3,IF(G12>=120,2,IF(G12>=60,1,0)))))) -> 0 | Q12: =IF(O12="","",CEILING(O12,1)+P12) | V12: =IF(Q12="","",ROUND(R12+S12+Q12-T12-U12,2)) | W12: =IF(N12="","",ROUND(N12/26,0)) | X12: =IF(OR(W12="",V12=""),"",ROUND(MAX(0,V12)*W12,0)) | Y12: =IF(OR(M12="",Q12="",Q12=0,V12=""),"",ROUND(M12*10%*MAX(0,V12)/MAX(Q12,1),0)) | Z12: =IF(OR(X12="",Y12=""),"",IF(Y12>X12,"TENTH","SALARY_MAINTENANCE")) | AA12: =IF(OR(X12="",Y12=""),"",MAX(X12,Y12)) | AB12: =IF(G12<12,0,MIN(G12,60)) -> 0 | AC12: =IF(N12="","",ROUND(N12*(AB12/12)*30%,0)) | AD12: =IF(G12<12,0,MAX(0,MIN(G12-60,60))) -> 0 | AE12: =IF(N12="","",ROUND(N12*(AD12/12)*35%,0)) | AF12: =IF(G12<12,0,MAX(0,G12-120)) -> 0 | AG12: =IF(N12="","",ROUND(N12*(AF12/12)*40%,0)) | AH12: =IF(OR(AC12="",AE12="",AG12=""),"",AC12+AE12+AG12)
A13: C12 | B13: A | C13: Congés compensés/payés | F13: 2026-08-03 | G13: =IF(OR(E13="",E13>F13),0,DATEDIF(E13,F13,"m")) -> 0 | I13: =COUNTIFS(Périodes!$A:$A,A13,Périodes!$E:$E,"FINALIZED") -> 0 | L13: =IF(OR(J13="",K13=""),"",ROUND(J13+K13,0)) | M13: =IF(I13=0,IF(L13="","",L13*12),SUMIFS(Périodes!$K:$K,Périodes!$A:$A,A13,Périodes!$E:$E,"FINALIZED")) | N13: =IF(I13=0,L13,ROUND(M13/I13,0)) | O13: =IF(H13="","",ROUND(H13*2.2,2)) | P13: =IF(G13>=360,8,IF(G13>=300,7,IF(G13>=240,5,IF(G13>=180,3,IF(G13>=120,2,IF(G13>=60,1,0)))))) -> 0 | Q13: =IF(O13="","",CEILING(O13,1)+P13) | V13: =IF(Q13="","",ROUND(R13+S13+Q13-T13-U13,2)) | W13: =IF(N13="","",ROUND(N13/26,0)) | X13: =IF(OR(W13="",V13=""),"",ROUND(MAX(0,V13)*W13,0)) | Y13: =IF(OR(M13="",Q13="",Q13=0,V13=""),"",ROUND(M13*10%*MAX(0,V13)/MAX(Q13,1),0)) | Z13: =IF(OR(X13="",Y13=""),"",IF(Y13>X13,"TENTH","SALARY_MAINTENANCE")) | AA13: =IF(OR(X13="",Y13=""),"",MAX(X13,Y13)) | AB13: =IF(G13<12,0,MIN(G13,60)) -> 0 | AC13: =IF(N13="","",ROUND(N13*(AB13/12)*30%,0)) | AD13: =IF(G13<12,0,MAX(0,MIN(G13-60,60))) -> 0 | AE13: =IF(N13="","",ROUND(N13*(AD13/12)*35%,0)) | AF13: =IF(G13<12,0,MAX(0,G13-120)) -> 0 | AG13: =IF(N13="","",ROUND(N13*(AF13/12)*40%,0)) | AH13: =IF(OR(AC13="",AE13="",AG13=""),"",AC13+AE13+AG13)
... A18: C17 | B18: A | C18: Frontière exacte du palier 5 ans | F18: 2026-08-03 | G18: =IF(OR(E18="",E18>F18),0,DATEDIF(E18,F18,"m")) -> 0 | I18: =COUNTIFS(Périodes!$A:$A,A18,Périodes!$E:$E,"FINALIZED") -> 0 | L18: =IF(OR(J18="",K18=""),"",ROUND(J18+K18,0)) | M18: =IF(I18=0,IF(L18="","",L18*12),SUMIFS(Périodes!$K:$K,Périodes!$A:$A,A18,Périodes!$E:$E,"FINALIZED")) | N18: =IF(I18=0,L18,ROUND(M18/I18,0)) | O18: =IF(H18="","",ROUND(H18*2.2,2)) | P18: =IF(G18>=360,8,IF(G18>=300,7,IF(G18>=240,5,IF(G18>=180,3,IF(G18>=120,2,IF(G18>=60,1,0)))))) -> 0 | Q18: =IF(O18="","",CEILING(O18,1)+P18) | V18: =IF(Q18="","",ROUND(R18+S18+Q18-T18-U18,2)) | W18: =IF(N18="","",ROUND(N18/26,0)) | X18: =IF(OR(W18="",V18=""),"",ROUND(MAX(0,V18)*W18,0)) | Y18: =IF(OR(M18="",Q18="",Q18=0,V18=""),"",ROUND(M18*10%*MAX(0,V18)/MAX(Q18,1),0)) | Z18: =IF(OR(X18="",Y18=""),"",IF(Y18>X18,"TENTH","SALARY_MAINTENANCE")) | AA18: =IF(OR(X18="",Y18=""),"",MAX(X18,Y18)) | AB18: =IF(G18<12,0,MIN(G18,60)) -> 0 | AC18: =IF(N18="","",ROUND(N18*(AB18/12)*30%,0)) | AD18: =IF(G18<12,0,MAX(0,MIN(G18-60,60))) -> 0 | AE18: =IF(N18="","",ROUND(N18*(AD18/12)*35%,0)) | AF18: =IF(G18<12,0,MAX(0,G18-120)) -> 0 | AG18: =IF(N18="","",ROUND(N18*(AF18/12)*40%,0)) | AH18: =IF(OR(AC18="",AE18="",AG18=""),"",AC18+AE18+AG18)
A19: C18 | B19: A | C19: Embauche postérieure à la référence — exclu | F19: 2026-08-03 | G19: =IF(OR(E19="",E19>F19),0,DATEDIF(E19,F19,"m")) -> 0 | I19: =COUNTIFS(Périodes!$A:$A,A19,Périodes!$E:$E,"FINALIZED") -> 0 | L19: =IF(OR(J19="",K19=""),"",ROUND(J19+K19,0)) | M19: =IF(I19=0,IF(L19="","",L19*12),SUMIFS(Périodes!$K:$K,Périodes!$A:$A,A19,Périodes!$E:$E,"FINALIZED")) | N19: =IF(I19=0,L19,ROUND(M19/I19,0)) | O19: =IF(H19="","",ROUND(H19*2.2,2)) | P19: =IF(G19>=360,8,IF(G19>=300,7,IF(G19>=240,5,IF(G19>=180,3,IF(G19>=120,2,IF(G19>=60,1,0)))))) -> 0 | Q19: =IF(O19="","",CEILING(O19,1)+P19) | V19: =IF(Q19="","",ROUND(R19+S19+Q19-T19-U19,2)) | W19: =IF(N19="","",ROUND(N19/26,0)) | X19: =IF(OR(W19="",V19=""),"",ROUND(MAX(0,V19)*W19,0)) | Y19: =IF(OR(M19="",Q19="",Q19=0,V19=""),"",ROUND(M19*10%*MAX(0,V19)/MAX(Q19,1),0)) | Z19: =IF(OR(X19="",Y19=""),"",IF(Y19>X19,"TENTH","SALARY_MAINTENANCE")) | AA19: =IF(OR(X19="",Y19=""),"",MAX(X19,Y19)) | AB19: =IF(G19<12,0,MIN(G19,60)) -> 0 | AC19: =IF(N19="","",ROUND(N19*(AB19/12)*30%,0)) | AD19: =IF(G19<12,0,MAX(0,MIN(G19-60,60))) -> 0 | AE19: =IF(N19="","",ROUND(N19*(AD19/12)*35%,0)) | AF19: =IF(G19<12,0,MAX(0,G19-120)) -> 0 | AG19: =IF(N19="","",ROUND(N19*(AF19/12)*40%,0)) | AH19: =IF(OR(AC19="",AE19="",AG19=""),"",AC19+AE19+AG19) | AI19: NOT_APPLICABLE | AJ19: Exclure : embauche postérieure à la référence
A20: B01 | B20: B | C20: Isolation tenant B | F20: 2026-08-03 | G20: =IF(OR(E20="",E20>F20),0,DATEDIF(E20,F20,"m")) -> 0 | I20: =COUNTIFS(Périodes!$A:$A,A20,Périodes!$E:$E,"FINALIZED") -> 0 | L20: =IF(OR(J20="",K20=""),"",ROUND(J20+K20,0)) | M20: =IF(I20=0,IF(L20="","",L20*12),SUMIFS(Périodes!$K:$K,Périodes!$A:$A,A20,Périodes!$E:$E,"FINALIZED")) | N20: =IF(I20=0,L20,ROUND(M20/I20,0)) | O20: =IF(H20="","",ROUND(H20*2.2,2)) | P20: =IF(G20>=360,8,IF(G20>=300,7,IF(G20>=240,5,IF(G20>=180,3,IF(G20>=120,2,IF(G20>=60,1,0)))))) -> 0 | Q20: =IF(O20="","",CEILING(O20,1)+P20) | V20: =IF(Q20="","",ROUND(R20+S20+Q20-T20-U20,2)) | W20: =IF(N20="","",ROUND(N20/26,0)) | X20: =IF(OR(W20="",V20=""),"",ROUND(MAX(0,V20)*W20,0)) | Y20: =IF(OR(M20="",Q20="",Q20=0,V20=""),"",ROUND(M20*10%*MAX(0,V20)/MAX(Q20,1),0)) | Z20: =IF(OR(X20="",Y20=""),"",IF(Y20>X20,"TENTH","SALARY_MAINTENANCE")) | AA20: =IF(OR(X20="",Y20=""),"",MAX(X20,Y20)) | AB20: =IF(G20<12,0,MIN(G20,60)) -> 0 | AC20: =IF(N20="","",ROUND(N20*(AB20/12)*30%,0)) | AD20: =IF(G20<12,0,MAX(0,MIN(G20-60,60))) -> 0 | AE20: =IF(N20="","",ROUND(N20*(AD20/12)*35%,0)) | AF20: =IF(G20<12,0,MAX(0,G20-120)) -> 0 | AG20: =IF(N20="","",ROUND(N20*(AF20/12)*40%,0)) | AH20: =IF(OR(AC20="",AE20="",AG20=""),"",AC20+AE20+AG20)
A21: B02 | B21: B | C21: Isolation tenant B et totaux distincts | F21: 2026-08-03 | G21: =IF(OR(E21="",E21>F21),0,DATEDIF(E21,F21,"m")) -> 0 | I21: =COUNTIFS(Périodes!$A:$A,A21,Périodes!$E:$E,"FINALIZED") -> 0 | L21: =IF(OR(J21="",K21=""),"",ROUND(J21+K21,0)) | M21: =IF(I21=0,IF(L21="","",L21*12),SUMIFS(Périodes!$K:$K,Périodes!$A:$A,A21,Périodes!$E:$E,"FINALIZED")) | N21: =IF(I21=0,L21,ROUND(M21/I21,0)) | O21: =IF(H21="","",ROUND(H21*2.2,2)) | P21: =IF(G21>=360,8,IF(G21>=300,7,IF(G21>=240,5,IF(G21>=180,3,IF(G21>=120,2,IF(G21>=60,1,0)))))) -> 0 | Q21: =IF(O21="","",CEILING(O21,1)+P21) | V21: =IF(Q21="","",ROUND(R21+S21+Q21-T21-U21,2)) | W21: =IF(N21="","",ROUND(N21/26,0)) | X21: =IF(OR(W21="",V21=""),"",ROUND(MAX(0,V21)*W21,0)) | Y21: =IF(OR(M21="",Q21="",Q21=0,V21=""),"",ROUND(M21*10%*MAX(0,V21)/MAX(Q21,1),0)) | Z21: =IF(OR(X21="",Y21=""),"",IF(Y21>X21,"TENTH","SALARY_MAINTENANCE")) | AA21: =IF(OR(X21="",Y21=""),"",MAX(X21,Y21)) | AB21: =IF(G21<12,0,MIN(G21,60)) -> 0 | AC21: =IF(N21="","",ROUND(N21*(AB21/12)*30%,0)) | AD21: =IF(G21<12,0,MAX(0,MIN(G21-60,60))) -> 0 | AE21: =IF(N21="","",ROUND(N21*(AD21/12)*35%,0)) | AF21: =IF(G21<12,0,MAX(0,G21-120)) -> 0 | AG21: =IF(N21="","",ROUND(N21*(AF21/12)*40%,0)) | AH21: =IF(OR(AC21="",AE21="",AG21=""),"",AC21+AE21+AG21)

Sheet Synthèse
A1: Cas | B1: Tenant | C1: Matricule validation | D1: Date embauche | E1: Ancienneté mois | F1: Mois paie utilisés | G1: Jan | H1: Fév | I1: Mar | J1: Avr | K1: Mai | L1: Juin | M1: Juil | N1: Août | O1: Sep | P1: Oct | Q1: Nov | R1: Déc | S1: Salaire mensuel moyen | T1: Droits acquis | U1: Bonus ancienneté | V1: Solde ouverture | W1: Congés consommés | X1: Congés compensés | Y1: Solde final | Z1: Maintien salaire | AA1: Règle dixième | AB1: Méthode retenue | AC1: Provision congés | AD1: Tranche 1 (30 %) | AE1: Tranche 2 (35 %) | AF1: Tranche 3 (40 %) | AG1: Exposition licenciement | AH1: Exposition totale | AI1: Statut | AJ1: Commentaire
A2: C01 | B2: A | C2: =Détails!D2 -> 0 | D2: =Détails!E2 -> 0 | E2: =Détails!G2 -> 0 | F2: =Détails!I2 -> 0 | G2: =SUMIFS(Périodes!$K:$K,Périodes!$A:$A,A2,Périodes!$C:$C,2026,Périodes!$D:$D,1,Périodes!$E:$E,"FINALIZED") -> 0 | H2: =SUMIFS(Périodes!$K:$K,Périodes!$A:$A,A2,Périodes!$C:$C,2026,Périodes!$D:$D,2,Périodes!$E:$E,"FINALIZED") -> 0 | I2: =SUMIFS(Périodes!$K:$K,Périodes!$A:$A,A2,Périodes!$C:$C,2026,Périodes!$D:$D,3,Périodes!$E:$E,"FINALIZED") -> 0 | J2: =SUMIFS(Périodes!$K:$K,Périodes!$A:$A,A2,Périodes!$C:$C,2026,Périodes!$D:$D,4,Périodes!$E:$E,"FINALIZED") -> 0 | K2: =SUMIFS(Périodes!$K:$K,Périodes!$A:$A,A2,Périodes!$C:$C,2026,Périodes!$D:$D,5,Périodes!$E:$E,"FINALIZED") -> 0 | L2: =SUMIFS(Périodes!$K:$K,Périodes!$A:$A,A2,Périodes!$C:$C,2026,Périodes!$D:$D,6,Périodes!$E:$E,"FINALIZED") -> 0 | M2: =SUMIFS(Périodes!$K:$K,Périodes!$A:$A,A2,Périodes!$C:$C,2026,Périodes!$D:$D,7,Périodes!$E:$E,"FINALIZED") -> 0 | N2: =SUMIFS(Périodes!$K:$K,Périodes!$A:$A,A2,Périodes!$C:$C,2026,Périodes!$D:$D,8,Périodes!$E:$E,"FINALIZED") -> 0 | O2: =SUMIFS(Périodes!$K:$K,Périodes!$A:$A,A2,Périodes!$C:$C,2026,Périodes!$D:$D,9,Périodes!$E:$E,"FINALIZED") -> 0 | P2: =SUMIFS(Périodes!$K:$K,Périodes!$A:$A,A2,Périodes!$C:$C,2026,Périodes!$D:$D,10,Périodes!$E:$E,"FINALIZED") -> 0 | Q2: =SUMIFS(Périodes!$K:$K,Périodes!$A:$A,A2,Périodes!$C:$C,2026,Périodes!$D:$D,11,Périodes!$E:$E,"FINALIZED") -> 0 | R2: =SUMIFS(Périodes!$K:$K,Périodes!$A:$A,A2,Périodes!$C:$C,2026,Périodes!$D:$D,12,Périodes!$E:$E,"FINALIZED") -> 0 | S2: =Détails!N2 | T2: =Détails!Q2 | U2: =Détails!P2 -> 0 | V2: =Détails!R2 -> 0 | W2: =Détails!T2 -> 0 | X2: =Détails!U2 -> 0 | Y2: =Détails!V2 | Z2: =Détails!X2 | AA2: =Détails!Y2 | AB2: =Détails!Z2 | AC2: =Détails!AA2 | AD2: =Détails!AC2 | AE2: =Détails!AE2 | AF2: =Détails!AG2 | AG2: =Détails!AH2 | AH2: =IF(OR(AC2="",AG2=""),"",AC2+AG2) | AI2: =Détails!AI2 -> 0 | AJ2: =Détails!AJ2 -> 0
A3: C02 | B3: A | C3: =Détails!D3 -> 0 | D3: =Détails!E3 -> 0 | E3: =Détails!G3 -> 0 | F3: =Détails!I3 -> 0 | G3: =SUMIFS(Périodes!$K:$K,Périodes!$A:$A,A3,Périodes!$C:$C,2026,Périodes!$D:$D,1,Périodes!$E:$E,"FINALIZED") -> 0 | H3: =SUMIFS(Périodes!$K:$K,Périodes!$A:$A,A3,Périodes!$C:$C,2026,Périodes!$D:$D,2,Périodes!$E:$E,"FINALIZED") -> 0 | I3: =SUMIFS(Périodes!$K:$K,Périodes!$A:$A,A3,Périodes!$C:$C,2026,Périodes!$D:$D,3,Périodes!$E:$E,"FINALIZED") -> 0 | J3: =SUMIFS(Périodes!$K:$K,Périodes!$A:$A,A3,Périodes!$C:$C,2026,Périodes!$D:$D,4,Périodes!$E:$E,"FINALIZED") -> 0 | K3: =SUMIFS(Périodes!$K:$K,Périodes!$A:$A,A3,Périodes!$C:$C,2026,Périodes!$D:$D,5,Périodes!$E:$E,"FINALIZED") -> 0 | L3: =SUMIFS(Périodes!$K:$K,Périodes!$A:$A,A3,Périodes!$C:$C,2026,Périodes!$D:$D,6,Périodes!$E:$E,"FINALIZED") -> 0 | M3: =SUMIFS(Périodes!$K:$K,Périodes!$A:$A,A3,Périodes!$C:$C,2026,Périodes!$D:$D,7,Périodes!$E:$E,"FINALIZED") -> 0 | N3: =SUMIFS(Périodes!$K:$K,Périodes!$A:$A,A3,Périodes!$C:$C,2026,Périodes!$D:$D,8,Périodes!$E:$E,"FINALIZED") -> 0 | O3: =SUMIFS(Périodes!$K:$K,Périodes!$A:$A,A3,Périodes!$C:$C,2026,Périodes!$D:$D,9,Périodes!$E:$E,"FINALIZED") -> 0 | P3: =SUMIFS(Périodes!$K:$K,Périodes!$A:$A,A3,Périodes!$C:$C,2026,Périodes!$D:$D,10,Périodes!$E:$E,"FINALIZED") -> 0 | Q3: =SUMIFS(Périodes!$K:$K,Périodes!$A:$A,A3,Périodes!$C:$C,2026,Périodes!$D:$D,11,Périodes!$E:$E,"FINALIZED") -> 0 | R3: =SUMIFS(Périodes!$K:$K,Périodes!$A:$A,A3,Périodes!$C:$C,2026,Périodes!$D:$D,12,Périodes!$E:$E,"FINALIZED") -> 0 | S3: =Détails!N3 | T3: =Détails!Q3 | U3: =Détails!P3 -> 0 | V3: =Détails!R3 -> 0 | W3: =Détails!T3 -> 0 | X3: =Détails!U3 -> 0 | Y3: =Détails!V3 | Z3: =Détails!X3 | AA3: =Détails!Y3 | AB3: =Détails!Z3 | AC3: =Détails!AA3 | AD3: =Détails!AC3 | AE3: =Détails!AE3 | AF3: =Détails!AG3 | AG3: =Détails!AH3 | AH3: =IF(OR(AC3="",AG3=""),"",AC3+AG3) | AI3: =Détails!AI3 -> 0 | AJ3: =Détails!AJ3 -> 0
A4: C03 | B4: A | C4: =Détails!D4 -> 0 | D4: =Détails!E4 -> 0 | E4: =Détails!G4 -> 0 | F4: =Détails!I4 -> 0 | G4: =SUMIFS(Périodes!$K:$K,Périodes!$A:$A,A4,Périodes!$C:$C,2026,Périodes!$D:$D,1,Périodes!$E:$E,"FINALIZED") -> 0 | H4: =SUMIFS(Périodes!$K:$K,Périodes!$A:$A,A4,Périodes!$C:$C,2026,Périodes!$D:$D,2,Périodes!$E:$E,"FINALIZED") -> 0 | I4: =SUMIFS(Périodes!$K:$K,Périodes!$A:$A,A4,Périodes!$C:$C,2026,Périodes!$D:$D,3,Périodes!$E:$E,"FINALIZED") -> 0 | J4: =SUMIFS(Périodes!$K:$K,Périodes!$A:$A,A4,Périodes!$C:$C,2026,Périodes!$D:$D,4,Périodes!$E:$E,"FINALIZED") -> 0 | K4: =SUMIFS(Périodes!$K:$K,Périodes!$A:$A,A4,Périodes!$C:$C,2026,Périodes!$D:$D,5,Périodes!$E:$E,"FINALIZED") -> 0 | L4: =SUMIFS(Périodes!$K:$K,Périodes!$A:$A,A4,Périodes!$C:$C,2026,Périodes!$D:$D,6,Périodes!$E:$E,"FINALIZED") -> 0 | M4: =SUMIFS(Périodes!$K:$K,Périodes!$A:$A,A4,Périodes!$C:$C,2026,Périodes!$D:$D,7,Périodes!$E:$E,"FINALIZED") -> 0 | N4: =SUMIFS(Périodes!$K:$K,Périodes!$A:$A,A4,Périodes!$C:$C,2026,Périodes!$D:$D,8,Périodes!$E:$E,"FINALIZED") -> 0 | O4: =SUMIFS(Périodes!$K:$K,Périodes!$A:$A,A4,Périodes!$C:$C,2026,Périodes!$D:$D,9,Périodes!$E:$E,"FINALIZED") -> 0 | P4: =SUMIFS(Périodes!$K:$K,Périodes!$A:$A,A4,Périodes!$C:$C,2026,Périodes!$D:$D,10,Périodes!$E:$E,"FINALIZED") -> 0 | Q4: =SUMIFS(Périodes!$K:$K,Périodes!$A:$A,A4,Périodes!$C:$C,2026,Périodes!$D:$D,11,Périodes!$E:$E,"FINALIZED") -> 0 | R4: =SUMIFS(Périodes!$K:$K,Périodes!$A:$A,A4,Périodes!$C:$C,2026,Périodes!$D:$D,12,Périodes!$E:$E,"FINALIZED") -> 0 | S4: =Détails!N4 | T4: =Détails!Q4 | U4: =Détails!P4 -> 0 | V4: =Détails!R4 -> 0 | W4: =Détails!T4 -> 0 | X4: =Détails!U4 -> 0 | Y4: =Détails!V4 | Z4: =Détails!X4 | AA4: =Détails!Y4 | AB4: =Détails!Z4 | AC4: =Détails!AA4 | AD4: =Détails!AC4 | AE4: =Détails!AE4 | AF4: =Détails!AG4 | AG4: =Détails!AH4 | AH4: =IF(OR(AC4="",AG4=""),"",AC4+AG4) | AI4: =Détails!AI4 -> 0 | AJ4: =Détails!AJ4 -> 0
A5: C04 | B5: A | C5: =Détails!D5 -> 0 | D5: =Détails!E5 -> 0 | E5: =Détails!G5 -> 0 | F5: =Détails!I5 -> 0 | G5: =SUMIFS(Périodes!$K:$K,Périodes!$A:$A,A5,Périodes!$C:$C,2026,Périodes!$D:$D,1,Périodes!$E:$E,"FINALIZED") -> 0 | H5: =SUMIFS(Périodes!$K:$K,Périodes!$A:$A,A5,Périodes!$C:$C,2026,Périodes!$D:$D,2,Périodes!$E:$E,"FINALIZED") -> 0 | I5: =SUMIFS(Périodes!$K:$K,Périodes!$A:$A,A5,Périodes!$C:$C,2026,Périodes!$D:$D,3,Périodes!$E:$E,"FINALIZED") -> 0 | J5: =SUMIFS(Périodes!$K:$K,Périodes!$A:$A,A5,Périodes!$C:$C,2026,Périodes!$D:$D,4,Périodes!$E:$E,"FINALIZED") -> 0 | K5: =SUMIFS(Périodes!$K:$K,Périodes!$A:$A,A5,Périodes!$C:$C,2026,Périodes!$D:$D,5,Périodes!$E:$E,"FINALIZED") -> 0 | L5: =SUMIFS(Périodes!$K:$K,Périodes!$A:$A,A5,Périodes!$C:$C,2026,Périodes!$D:$D,6,Périodes!$E:$E,"FINALIZED") -> 0 | M5: =SUMIFS(Périodes!$K:$K,Périodes!$A:$A,A5,Périodes!$C:$C,2026,Périodes!$D:$D,7,Périodes!$E:$E,"FINALIZED") -> 0 | N5: =SUMIFS(Périodes!$K:$K,Périodes!$A:$A,A5,Périodes!$C:$C,2026,Périodes!$D:$D,8,Périodes!$E:$E,"FINALIZED") -> 0 | O5: =SUMIFS(Périodes!$K:$K,Périodes!$A:$A,A5,Périodes!$C:$C,2026,Périodes!$D:$D,9,Périodes!$E:$E,"FINALIZED") -> 0 | P5: =SUMIFS(Périodes!$K:$K,Périodes!$A:$A,A5,Périodes!$C:$C,2026,Périodes!$D:$D,10,Périodes!$E:$E,"FINALIZED") -> 0 | Q5: =SUMIFS(Périodes!$K:$K,Périodes!$A:$A,A5,Périodes!$C:$C,2026,Périodes!$D:$D,11,Périodes!$E:$E,"FINALIZED") -> 0 | R5: =SUMIFS(Périodes!$K:$K,Périodes!$A:$A,A5,Périodes!$C:$C,2026,Périodes!$D:$D,12,Périodes!$E:$E,"FINALIZED") -> 0 | S5: =Détails!N5 | T5: =Détails!Q5 | U5: =Détails!P5 -> 0 | V5: =Détails!R5 -> 0 | W5: =Détails!T5 -> 0 | X5: =Détails!U5 -> 0 | Y5: =Détails!V5 | Z5: =Détails!X5 | AA5: =Détails!Y5 | AB5: =Détails!Z5 | AC5: =Détails!AA5 | AD5: =Détails!AC5 | AE5: =Détails!AE5 | AF5: =Détails!AG5 | AG5: =Détails!AH5 | AH5: =IF(OR(AC5="",AG5=""),"",AC5+AG5) | AI5: =Détails!AI5 -> 0 | AJ5: =Détails!AJ5 -> 0
A6: C05 | B6: A | C6: =Détails!D6 -> 0 | D6: =Détails!E6 -> 0 | E6: =Détails!G6 -> 0 | F6: =Détails!I6 -> 0 | G6: =SUMIFS(Périodes!$K:$K,Périodes!$A:$A,A6,Périodes!$C:$C,2026,Périodes!$D:$D,1,Périodes!$E:$E,"FINALIZED") -> 0 | H6: =SUMIFS(Périodes!$K:$K,Périodes!$A:$A,A6,Périodes!$C:$C,2026,Périodes!$D:$D,2,Périodes!$E:$E,"FINALIZED") -> 0 | I6: =SUMIFS(Périodes!$K:$K,Périodes!$A:$A,A6,Périodes!$C:$C,2026,Périodes!$D:$D,3,Périodes!$E:$E,"FINALIZED") -> 0 | J6: =SUMIFS(Périodes!$K:$K,Périodes!$A:$A,A6,Périodes!$C:$C,2026,Périodes!$D:$D,4,Périodes!$E:$E,"FINALIZED") -> 0 | K6: =SUMIFS(Périodes!$K:$K,Périodes!$A:$A,A6,Périodes!$C:$C,2026,Périodes!$D:$D,5,Périodes!$E:$E,"FINALIZED") -> 0 | L6: =SUMIFS(Périodes!$K:$K,Périodes!$A:$A,A6,Périodes!$C:$C,2026,Périodes!$D:$D,6,Périodes!$E:$E,"FINALIZED") -> 0 | M6: =SUMIFS(Périodes!$K:$K,Périodes!$A:$A,A6,Périodes!$C:$C,2026,Périodes!$D:$D,7,Périodes!$E:$E,"FINALIZED") -> 0 | N6: =SUMIFS(Périodes!$K:$K,Périodes!$A:$A,A6,Périodes!$C:$C,2026,Périodes!$D:$D,8,Périodes!$E:$E,"FINALIZED") -> 0 | O6: =SUMIFS(Périodes!$K:$K,Périodes!$A:$A,A6,Périodes!$C:$C,2026,Périodes!$D:$D,9,Périodes!$E:$E,"FINALIZED") -> 0 | P6: =SUMIFS(Périodes!$K:$K,Périodes!$A:$A,A6,Périodes!$C:$C,2026,Périodes!$D:$D,10,Périodes!$E:$E,"FINALIZED") -> 0 | Q6: =SUMIFS(Périodes!$K:$K,Périodes!$A:$A,A6,Périodes!$C:$C,2026,Périodes!$D:$D,11,Périodes!$E:$E,"FINALIZED") -> 0 | R6: =SUMIFS(Périodes!$K:$K,Périodes!$A:$A,A6,Périodes!$C:$C,2026,Périodes!$D:$D,12,Périodes!$E:$E,"FINALIZED") -> 0 | S6: =Détails!N6 | T6: =Détails!Q6 | U6: =Détails!P6 -> 0 | V6: =Détails!R6 -> 0 | W6: =Détails!T6 -> 0 | X6: =Détails!U6 -> 0 | Y6: =Détails!V6 | Z6: =Détails!X6 | AA6: =Détails!Y6 | AB6: =Détails!Z6 | AC6: =Détails!AA6 | AD6: =Détails!AC6 | AE6: =Détails!AE6 | AF6: =Détails!AG6 | AG6: =Détails!AH6 | AH6: =IF(OR(AC6="",AG6=""),"",AC6+AG6) | AI6: =Détails!AI6 -> 0 | AJ6: =Détails!AJ6 -> 0
A7: C06 | B7: A | C7: =Détails!D7 -> 0 | D7: =Détails!E7 -> 0 | E7: =Détails!G7 -> 0 | F7: =Détails!I7 -> 0 | G7: =SUMIFS(Périodes!$K:$K,Périodes!$A:$A,A7,Périodes!$C:$C,2026,Périodes!$D:$D,1,Périodes!$E:$E,"FINALIZED") -> 0 | H7: =SUMIFS(Périodes!$K:$K,Périodes!$A:$A,A7,Périodes!$C:$C,2026,Périodes!$D:$D,2,Périodes!$E:$E,"FINALIZED") -> 0 | I7: =SUMIFS(Périodes!$K:$K,Périodes!$A:$A,A7,Périodes!$C:$C,2026,Périodes!$D:$D,3,Périodes!$E:$E,"FINALIZED") -> 0 | J7: =SUMIFS(Périodes!$K:$K,Périodes!$A:$A,A7,Périodes!$C:$C,2026,Périodes!$D:$D,4,Périodes!$E:$E,"FINALIZED") -> 0 | K7: =SUMIFS(Périodes!$K:$K,Périodes!$A:$A,A7,Périodes!$C:$C,2026,Périodes!$D:$D,5,Périodes!$E:$E,"FINALIZED") -> 0 | L7: =SUMIFS(Périodes!$K:$K,Périodes!$A:$A,A7,Périodes!$C:$C,2026,Périodes!$D:$D,6,Périodes!$E:$E,"FINALIZED") -> 0 | M7: =SUMIFS(Périodes!$K:$K,Périodes!$A:$A,A7,Périodes!$C:$C,2026,Périodes!$D:$D,7,Périodes!$E:$E,"FINALIZED") -> 0 | N7: =SUMIFS(Périodes!$K:$K,Périodes!$A:$A,A7,Périodes!$C:$C,2026,Périodes!$D:$D,8,Périodes!$E:$E,"FINALIZED") -> 0 | O7: =SUMIFS(Périodes!$K:$K,Périodes!$A:$A,A7,Périodes!$C:$C,2026,Périodes!$D:$D,9,Périodes!$E:$E,"FINALIZED") -> 0 | P7: =SUMIFS(Périodes!$K:$K,Périodes!$A:$A,A7,Périodes!$C:$C,2026,Périodes!$D:$D,10,Périodes!$E:$E,"FINALIZED") -> 0 | Q7: =SUMIFS(Périodes!$K:$K,Périodes!$A:$A,A7,Périodes!$C:$C,2026,Périodes!$D:$D,11,Périodes!$E:$E,"FINALIZED") -> 0 | R7: =SUMIFS(Périodes!$K:$K,Périodes!$A:$A,A7,Périodes!$C:$C,2026,Périodes!$D:$D,12,Périodes!$E:$E,"FINALIZED") -> 0 | S7: =Détails!N7 | T7: =Détails!Q7 | U7: =Détails!P7 -> 0 | V7: =Détails!R7 -> 0 | W7: =Détails!T7 -> 0 | X7: =Détails!U7 -> 0 | Y7: =Détails!V7 | Z7: =Détails!X7 | AA7: =Détails!Y7 | AB7: =Détails!Z7 | AC7: =Détails!AA7 | AD7: =Détails!AC7 | AE7: =Détails!AE7 | AF7: =Détails!AG7 | AG7: =Détails!AH7 | AH7: =IF(OR(AC7="",AG7=""),"",AC7+AG7) | AI7: =Détails!AI7 -> 0 | AJ7: =Détails!AJ7 -> 0
A8: C07 | B8: A | C8: =Détails!D8 -> 0 | D8: =Détails!E8 -> 0 | E8: =Détails!G8 -> 0 | F8: =Détails!I8 -> 0 | G8: =SUMIFS(Périodes!$K:$K,Périodes!$A:$A,A8,Périodes!$C:$C,2026,Périodes!$D:$D,1,Périodes!$E:$E,"FINALIZED") -> 0 | H8: =SUMIFS(Périodes!$K:$K,Périodes!$A:$A,A8,Périodes!$C:$C,2026,Périodes!$D:$D,2,Périodes!$E:$E,"FINALIZED") -> 0 | I8: =SUMIFS(Périodes!$K:$K,Périodes!$A:$A,A8,Périodes!$C:$C,2026,Périodes!$D:$D,3,Périodes!$E:$E,"FINALIZED") -> 0 | J8: =SUMIFS(Périodes!$K:$K,Périodes!$A:$A,A8,Périodes!$C:$C,2026,Périodes!$D:$D,4,Périodes!$E:$E,"FINALIZED") -> 0 | K8: =SUMIFS(Périodes!$K:$K,Périodes!$A:$A,A8,Périodes!$C:$C,2026,Périodes!$D:$D,5,Périodes!$E:$E,"FINALIZED") -> 0 | L8: =SUMIFS(Périodes!$K:$K,Périodes!$A:$A,A8,Périodes!$C:$C,2026,Périodes!$D:$D,6,Périodes!$E:$E,"FINALIZED") -> 0 | M8: =SUMIFS(Périodes!$K:$K,Périodes!$A:$A,A8,Périodes!$C:$C,2026,Périodes!$D:$D,7,Périodes!$E:$E,"FINALIZED") -> 0 | N8: =SUMIFS(Périodes!$K:$K,Périodes!$A:$A,A8,Périodes!$C:$C,2026,Périodes!$D:$D,8,Périodes!$E:$E,"FINALIZED") -> 0 | O8: =SUMIFS(Périodes!$K:$K,Périodes!$A:$A,A8,Périodes!$C:$C,2026,Périodes!$D:$D,9,Périodes!$E:$E,"FINALIZED") -> 0 | P8: =SUMIFS(Périodes!$K:$K,Périodes!$A:$A,A8,Périodes!$C:$C,2026,Périodes!$D:$D,10,Périodes!$E:$E,"FINALIZED") -> 0 | Q8: =SUMIFS(Périodes!$K:$K,Périodes!$A:$A,A8,Périodes!$C:$C,2026,Périodes!$D:$D,11,Périodes!$E:$E,"FINALIZED") -> 0 | R8: =SUMIFS(Périodes!$K:$K,Périodes!$A:$A,A8,Périodes!$C:$C,2026,Périodes!$D:$D,12,Périodes!$E:$E,"FINALIZED") -> 0 | S8: =Détails!N8 | T8: =Détails!Q8 | U8: =Détails!P8 -> 0 | V8: =Détails!R8 -> 0 | W8: =Détails!T8 -> 0 | X8: =Détails!U8 -> 0 | Y8: =Détails!V8 | Z8: =Détails!X8 | AA8: =Détails!Y8 | AB8: =Détails!Z8 | AC8: =Détails!AA8 | AD8: =Détails!AC8 | AE8: =Détails!AE8 | AF8: =Détails!AG8 | AG8: =Détails!AH8 | AH8: =IF(OR(AC8="",AG8=""),"",AC8+AG8) | AI8: =Détails!AI8 -> 0 | AJ8: =Détails!AJ8 -> 0
A9: C08 | B9: A | C9: =Détails!D9 -> 0 | D9: =Détails!E9 -> 0 | E9: =Détails!G9 -> 0 | F9: =Détails!I9 -> 0 | G9: =SUMIFS(Périodes!$K:$K,Périodes!$A:$A,A9,Périodes!$C:$C,2026,Périodes!$D:$D,1,Périodes!$E:$E,"FINALIZED") -> 0 | H9: =SUMIFS(Périodes!$K:$K,Périodes!$A:$A,A9,Périodes!$C:$C,2026,Périodes!$D:$D,2,Périodes!$E:$E,"FINALIZED") -> 0 | I9: =SUMIFS(Périodes!$K:$K,Périodes!$A:$A,A9,Périodes!$C:$C,2026,Périodes!$D:$D,3,Périodes!$E:$E,"FINALIZED") -> 0 | J9: =SUMIFS(Périodes!$K:$K,Périodes!$A:$A,A9,Périodes!$C:$C,2026,Périodes!$D:$D,4,Périodes!$E:$E,"FINALIZED") -> 0 | K9: =SUMIFS(Périodes!$K:$K,Périodes!$A:$A,A9,Périodes!$C:$C,2026,Périodes!$D:$D,5,Périodes!$E:$E,"FINALIZED") -> 0 | L9: =SUMIFS(Périodes!$K:$K,Périodes!$A:$A,A9,Périodes!$C:$C,2026,Périodes!$D:$D,6,Périodes!$E:$E,"FINALIZED") -> 0 | M9: =SUMIFS(Périodes!$K:$K,Périodes!$A:$A,A9,Périodes!$C:$C,2026,Périodes!$D:$D,7,Périodes!$E:$E,"FINALIZED") -> 0 | N9: =SUMIFS(Périodes!$K:$K,Périodes!$A:$A,A9,Périodes!$C:$C,2026,Périodes!$D:$D,8,Périodes!$E:$E,"FINALIZED") -> 0 | O9: =SUMIFS(Périodes!$K:$K,Périodes!$A:$A,A9,Périodes!$C:$C,2026,Périodes!$D:$D,9,Périodes!$E:$E,"FINALIZED") -> 0 | P9: =SUMIFS(Périodes!$K:$K,Périodes!$A:$A,A9,Périodes!$C:$C,2026,Périodes!$D:$D,10,Périodes!$E:$E,"FINALIZED") -> 0 | Q9: =SUMIFS(Périodes!$K:$K,Périodes!$A:$A,A9,Périodes!$C:$C,2026,Périodes!$D:$D,11,Périodes!$E:$E,"FINALIZED") -> 0 | R9: =SUMIFS(Périodes!$K:$K,Périodes!$A:$A,A9,Périodes!$C:$C,2026,Périodes!$D:$D,12,Périodes!$E:$E,"FINALIZED") -> 0 | S9: =Détails!N9 | T9: =Détails!Q9 | U9: =Détails!P9 -> 0 | V9: =Détails!R9 -> 0 | W9: =Détails!T9 -> 0 | X9: =Détails!U9 -> 0 | Y9: =Détails!V9 | Z9: =Détails!X9 | AA9: =Détails!Y9 | AB9: =Détails!Z9 | AC9: =Détails!AA9 | AD9: =Détails!AC9 | AE9: =Détails!AE9 | AF9: =Détails!AG9 | AG9: =Détails!AH9 | AH9: =IF(OR(AC9="",AG9=""),"",AC9+AG9) | AI9: =Détails!AI9 -> 0 | AJ9: =Détails!AJ9 -> 0
A10: C09 | B10: A | C10: =Détails!D10 -> 0 | D10: =Détails!E10 -> 0 | E10: =Détails!G10 -> 0 | F10: =Détails!I10 -> 0 | G10: =SUMIFS(Périodes!$K:$K,Périodes!$A:$A,A10,Périodes!$C:$C,2026,Périodes!$D:$D,1,Périodes!$E:$E,"FINALIZED") -> 0 | H10: =SUMIFS(Périodes!$K:$K,Périodes!$A:$A,A10,Périodes!$C:$C,2026,Périodes!$D:$D,2,Périodes!$E:$E,"FINALIZED") -> 0 | I10: =SUMIFS(Périodes!$K:$K,Périodes!$A:$A,A10,Périodes!$C:$C,2026,Périodes!$D:$D,3,Périodes!$E:$E,"FINALIZED") -> 0 | J10: =SUMIFS(Périodes!$K:$K,Périodes!$A:$A,A10,Périodes!$C:$C,2026,Périodes!$D:$D,4,Périodes!$E:$E,"FINALIZED") -> 0 | K10: =SUMIFS(Périodes!$K:$K,Périodes!$A:$A,A10,Périodes!$C:$C,2026,Périodes!$D:$D,5,Périodes!$E:$E,"FINALIZED") -> 0 | L10: =SUMIFS(Périodes!$K:$K,Périodes!$A:$A,A10,Périodes!$C:$C,2026,Périodes!$D:$D,6,Périodes!$E:$E,"FINALIZED") -> 0 | M10: =SUMIFS(Périodes!$K:$K,Périodes!$A:$A,A10,Périodes!$C:$C,2026,Périodes!$D:$D,7,Périodes!$E:$E,"FINALIZED") -> 0 | N10: =SUMIFS(Périodes!$K:$K,Périodes!$A:$A,A10,Périodes!$C:$C,2026,Périodes!$D:$D,8,Périodes!$E:$E,"FINALIZED") -> 0 | O10: =SUMIFS(Périodes!$K:$K,Périodes!$A:$A,A10,Périodes!$C:$C,2026,Périodes!$D:$D,9,Périodes!$E:$E,"FINALIZED") -> 0 | P10: =SUMIFS(Périodes!$K:$K,Périodes!$A:$A,A10,Périodes!$C:$C,2026,Périodes!$D:$D,10,Périodes!$E:$E,"FINALIZED") -> 0 | Q10: =SUMIFS(Périodes!$K:$K,Périodes!$A:$A,A10,Périodes!$C:$C,2026,Périodes!$D:$D,11,Périodes!$E:$E,"FINALIZED") -> 0 | R10: =SUMIFS(Périodes!$K:$K,Périodes!$A:$A,A10,Périodes!$C:$C,2026,Périodes!$D:$D,12,Périodes!$E:$E,"FINALIZED") -> 0 | S10: =Détails!N10 | T10: =Détails!Q10 | U10: =Détails!P10 -> 0 | V10: =Détails!R10 -> 0 | W10: =Détails!T10 -> 0 | X10: =Détails!U10 -> 0 | Y10: =Détails!V10 | Z10: =Détails!X10 | AA10: =Détails!Y10 | AB10: =Détails!Z10 | AC10: =Détails!AA10 | AD10: =Détails!AC10 | AE10: =Détails!AE10 | AF10: =Détails!AG10 | AG10: =Détails!AH10 | AH10: =IF(OR(AC10="",AG10=""),"",AC10+AG10) | AI10: =Détails!AI10 -> 0 | AJ10: =Détails!AJ10 -> 0
A11: C10 | B11: A | C11: =Détails!D11 -> 0 | D11: =Détails!E11 -> 0 | E11: =Détails!G11 -> 0 | F11: =Détails!I11 -> 0 | G11: =SUMIFS(Périodes!$K:$K,Périodes!$A:$A,A11,Périodes!$C:$C,2026,Périodes!$D:$D,1,Périodes!$E:$E,"FINALIZED") -> 0 | H11: =SUMIFS(Périodes!$K:$K,Périodes!$A:$A,A11,Périodes!$C:$C,2026,Périodes!$D:$D,2,Périodes!$E:$E,"FINALIZED") -> 0 | I11: =SUMIFS(Périodes!$K:$K,Périodes!$A:$A,A11,Périodes!$C:$C,2026,Périodes!$D:$D,3,Périodes!$E:$E,"FINALIZED") -> 0 | J11: =SUMIFS(Périodes!$K:$K,Périodes!$A:$A,A11,Périodes!$C:$C,2026,Périodes!$D:$D,4,Périodes!$E:$E,"FINALIZED") -> 0 | K11: =SUMIFS(Périodes!$K:$K,Périodes!$A:$A,A11,Périodes!$C:$C,2026,Périodes!$D:$D,5,Périodes!$E:$E,"FINALIZED") -> 0 | L11: =SUMIFS(Périodes!$K:$K,Périodes!$A:$A,A11,Périodes!$C:$C,2026,Périodes!$D:$D,6,Périodes!$E:$E,"FINALIZED") -> 0 | M11: =SUMIFS(Périodes!$K:$K,Périodes!$A:$A,A11,Périodes!$C:$C,2026,Périodes!$D:$D,7,Périodes!$E:$E,"FINALIZED") -> 0 | N11: =SUMIFS(Périodes!$K:$K,Périodes!$A:$A,A11,Périodes!$C:$C,2026,Périodes!$D:$D,8,Périodes!$E:$E,"FINALIZED") -> 0 | O11: =SUMIFS(Périodes!$K:$K,Périodes!$A:$A,A11,Périodes!$C:$C,2026,Périodes!$D:$D,9,Périodes!$E:$E,"FINALIZED") -> 0 | P11: =SUMIFS(Périodes!$K:$K,Périodes!$A:$A,A11,Périodes!$C:$C,2026,Périodes!$D:$D,10,Périodes!$E:$E,"FINALIZED") -> 0 | Q11: =SUMIFS(Périodes!$K:$K,Périodes!$A:$A,A11,Périodes!$C:$C,2026,Périodes!$D:$D,11,Périodes!$E:$E,"FINALIZED") -> 0 | R11: =SUMIFS(Périodes!$K:$K,Périodes!$A:$A,A11,Périodes!$C:$C,2026,Périodes!$D:$D,12,Périodes!$E:$E,"FINALIZED") -> 0 | S11: =Détails!N11 | T11: =Détails!Q11 | U11: =Détails!P11 -> 0 | V11: =Détails!R11 -> 0 | W11: =Détails!T11 -> 0 | X11: =Détails!U11 -> 0 | Y11: =Détails!V11 | Z11: =Détails!X11 | AA11: =Détails!Y11 | AB11: =Détails!Z11 | AC11: =Détails!AA11 | AD11: =Détails!AC11 | AE11: =Détails!AE11 | AF11: =Détails!AG11 | AG11: =Détails!AH11 | AH11: =IF(OR(AC11="",AG11=""),"",AC11+AG11) | AI11: =Détails!AI11 -> 0 | AJ11: =Détails!AJ11 -> 0
A12: C11 | B12: A | C12: =Détails!D12 -> 0 | D12: =Détails!E12 -> 0 | E12: =Détails!G12 -> 0 | F12: =Détails!I12 -> 0 | G12: =SUMIFS(Périodes!$K:$K,Périodes!$A:$A,A12,Périodes!$C:$C,2026,Périodes!$D:$D,1,Périodes!$E:$E,"FINALIZED") -> 0 | H12: =SUMIFS(Périodes!$K:$K,Périodes!$A:$A,A12,Périodes!$C:$C,2026,Périodes!$D:$D,2,Périodes!$E:$E,"FINALIZED") -> 0 | I12: =SUMIFS(Périodes!$K:$K,Périodes!$A:$A,A12,Périodes!$C:$C,2026,Périodes!$D:$D,3,Périodes!$E:$E,"FINALIZED") -> 0 | J12: =SUMIFS(Périodes!$K:$K,Périodes!$A:$A,A12,Périodes!$C:$C,2026,Périodes!$D:$D,4,Périodes!$E:$E,"FINALIZED") -> 0 | K12: =SUMIFS(Périodes!$K:$K,Périodes!$A:$A,A12,Périodes!$C:$C,2026,Périodes!$D:$D,5,Périodes!$E:$E,"FINALIZED") -> 0 | L12: =SUMIFS(Périodes!$K:$K,Périodes!$A:$A,A12,Périodes!$C:$C,2026,Périodes!$D:$D,6,Périodes!$E:$E,"FINALIZED") -> 0 | M12: =SUMIFS(Périodes!$K:$K,Périodes!$A:$A,A12,Périodes!$C:$C,2026,Périodes!$D:$D,7,Périodes!$E:$E,"FINALIZED") -> 0 | N12: =SUMIFS(Périodes!$K:$K,Périodes!$A:$A,A12,Périodes!$C:$C,2026,Périodes!$D:$D,8,Périodes!$E:$E,"FINALIZED") -> 0 | O12: =SUMIFS(Périodes!$K:$K,Périodes!$A:$A,A12,Périodes!$C:$C,2026,Périodes!$D:$D,9,Périodes!$E:$E,"FINALIZED") -> 0 | P12: =SUMIFS(Périodes!$K:$K,Périodes!$A:$A,A12,Périodes!$C:$C,2026,Périodes!$D:$D,10,Périodes!$E:$E,"FINALIZED") -> 0 | Q12: =SUMIFS(Périodes!$K:$K,Périodes!$A:$A,A12,Périodes!$C:$C,2026,Périodes!$D:$D,11,Périodes!$E:$E,"FINALIZED") -> 0 | R12: =SUMIFS(Périodes!$K:$K,Périodes!$A:$A,A12,Périodes!$C:$C,2026,Périodes!$D:$D,12,Périodes!$E:$E,"FINALIZED") -> 0 | S12: =Détails!N12 | T12: =Détails!Q12 | U12: =Détails!P12 -> 0 | V12: =Détails!R12 -> 0 | W12: =Détails!T12 -> 0 | X12: =Détails!U12 -> 0 | Y12: =Détails!V12 | Z12: =Détails!X12 | AA12: =Détails!Y12 | AB12: =Détails!Z12 | AC12: =Détails!AA12 | AD12: =Détails!AC12 | AE12: =Détails!AE12 | AF12: =Détails!AG12 | AG12: =Détails!AH12 | AH12: =IF(OR(AC12="",AG12=""),"",AC12+AG12) | AI12: =Détails!AI12 -> 0 | AJ12: =Détails!AJ12 -> 0
A13: C12 | B13: A | C13: =Détails!D13 -> 0 | D13: =Détails!E13 -> 0 | E13: =Détails!G13 -> 0 | F13: =Détails!I13 -> 0 | G13: =SUMIFS(Périodes!$K:$K,Périodes!$A:$A,A13,Périodes!$C:$C,2026,Périodes!$D:$D,1,Périodes!$E:$E,"FINALIZED") -> 0 | H13: =SUMIFS(Périodes!$K:$K,Périodes!$A:$A,A13,Périodes!$C:$C,2026,Périodes!$D:$D,2,Périodes!$E:$E,"FINALIZED") -> 0 | I13: =SUMIFS(Périodes!$K:$K,Périodes!$A:$A,A13,Périodes!$C:$C,2026,Périodes!$D:$D,3,Périodes!$E:$E,"FINALIZED") -> 0 | J13: =SUMIFS(Périodes!$K:$K,Périodes!$A:$A,A13,Périodes!$C:$C,2026,Périodes!$D:$D,4,Périodes!$E:$E,"FINALIZED") -> 0 | K13: =SUMIFS(Périodes!$K:$K,Périodes!$A:$A,A13,Périodes!$C:$C,2026,Périodes!$D:$D,5,Périodes!$E:$E,"FINALIZED") -> 0 | L13: =SUMIFS(Périodes!$K:$K,Périodes!$A:$A,A13,Périodes!$C:$C,2026,Périodes!$D:$D,6,Périodes!$E:$E,"FINALIZED") -> 0 | M13: =SUMIFS(Périodes!$K:$K,Périodes!$A:$A,A13,Périodes!$C:$C,2026,Périodes!$D:$D,7,Périodes!$E:$E,"FINALIZED") -> 0 | N13: =SUMIFS(Périodes!$K:$K,Périodes!$A:$A,A13,Périodes!$C:$C,2026,Périodes!$D:$D,8,Périodes!$E:$E,"FINALIZED") -> 0 | O13: =SUMIFS(Périodes!$K:$K,Périodes!$A:$A,A13,Périodes!$C:$C,2026,Périodes!$D:$D,9,Périodes!$E:$E,"FINALIZED") -> 0 | P13: =SUMIFS(Périodes!$K:$K,Périodes!$A:$A,A13,Périodes!$C:$C,2026,Périodes!$D:$D,10,Périodes!$E:$E,"FINALIZED") -> 0 | Q13: =SUMIFS(Périodes!$K:$K,Périodes!$A:$A,A13,Périodes!$C:$C,2026,Périodes!$D:$D,11,Périodes!$E:$E,"FINALIZED") -> 0 | R13: =SUMIFS(Périodes!$K:$K,Périodes!$A:$A,A13,Périodes!$C:$C,2026,Périodes!$D:$D,12,Périodes!$E:$E,"FINALIZED") -> 0 | S13: =Détails!N13 | T13: =Détails!Q13 | U13: =Détails!P13 -> 0 | V13: =Détails!R13 -> 0 | W13: =Détails!T13 -> 0 | X13: =Détails!U13 -> 0 | Y13: =Détails!V13 | Z13: =Détails!X13 | AA13: =Détails!Y13 | AB13: =Détails!Z13 | AC13: =Détails!AA13 | AD13: =Détails!AC13 | AE13: =Détails!AE13 | AF13: =Détails!AG13 | AG13: =Détails!AH13 | AH13: =IF(OR(AC13="",AG13=""),"",AC13+AG13) | AI13: =Détails!AI13 -> 0 | AJ13: =Détails!AJ13 -> 0
... A21: B02 | B21: B | C21: =Détails!D21 -> 0 | D21: =Détails!E21 -> 0 | E21: =Détails!G21 -> 0 | F21: =Détails!I21 -> 0 | G21: =SUMIFS(Périodes!$K:$K,Périodes!$A:$A,A21,Périodes!$C:$C,2026,Périodes!$D:$D,1,Périodes!$E:$E,"FINALIZED") -> 0 | H21: =SUMIFS(Périodes!$K:$K,Périodes!$A:$A,A21,Périodes!$C:$C,2026,Périodes!$D:$D,2,Périodes!$E:$E,"FINALIZED") -> 0 | I21: =SUMIFS(Périodes!$K:$K,Périodes!$A:$A,A21,Périodes!$C:$C,2026,Périodes!$D:$D,3,Périodes!$E:$E,"FINALIZED") -> 0 | J21: =SUMIFS(Périodes!$K:$K,Périodes!$A:$A,A21,Périodes!$C:$C,2026,Périodes!$D:$D,4,Périodes!$E:$E,"FINALIZED") -> 0 | K21: =SUMIFS(Périodes!$K:$K,Périodes!$A:$A,A21,Périodes!$C:$C,2026,Périodes!$D:$D,5,Périodes!$E:$E,"FINALIZED") -> 0 | L21: =SUMIFS(Périodes!$K:$K,Périodes!$A:$A,A21,Périodes!$C:$C,2026,Périodes!$D:$D,6,Périodes!$E:$E,"FINALIZED") -> 0 | M21: =SUMIFS(Périodes!$K:$K,Périodes!$A:$A,A21,Périodes!$C:$C,2026,Périodes!$D:$D,7,Périodes!$E:$E,"FINALIZED") -> 0 | N21: =SUMIFS(Périodes!$K:$K,Périodes!$A:$A,A21,Périodes!$C:$C,2026,Périodes!$D:$D,8,Périodes!$E:$E,"FINALIZED") -> 0 | O21: =SUMIFS(Périodes!$K:$K,Périodes!$A:$A,A21,Périodes!$C:$C,2026,Périodes!$D:$D,9,Périodes!$E:$E,"FINALIZED") -> 0 | P21: =SUMIFS(Périodes!$K:$K,Périodes!$A:$A,A21,Périodes!$C:$C,2026,Périodes!$D:$D,10,Périodes!$E:$E,"FINALIZED") -> 0 | Q21: =SUMIFS(Périodes!$K:$K,Périodes!$A:$A,A21,Périodes!$C:$C,2026,Périodes!$D:$D,11,Périodes!$E:$E,"FINALIZED") -> 0 | R21: =SUMIFS(Périodes!$K:$K,Périodes!$A:$A,A21,Périodes!$C:$C,2026,Périodes!$D:$D,12,Périodes!$E:$E,"FINALIZED") -> 0 | S21: =Détails!N21 | T21: =Détails!Q21 | U21: =Détails!P21 -> 0 | V21: =Détails!R21 -> 0 | W21: =Détails!T21 -> 0 | X21: =Détails!U21 -> 0 | Y21: =Détails!V21 | Z21: =Détails!X21 | AA21: =Détails!Y21 | AB21: =Détails!Z21 | AC21: =Détails!AA21 | AD21: =Détails!AC21 | AE21: =Détails!AE21 | AF21: =Détails!AG21 | AG21: =Détails!AH21 | AH21: =IF(OR(AC21="",AG21=""),"",AC21+AG21) | AI21: =Détails!AI21 -> 0 | AJ21: =Détails!AJ21 -> 0

Sheet Contrôles
A1: Contrôle | B1: Résultat | C1: Commentaire
A2: Trois onglets métier présents | B2: PASS | C2: Synthèse, Détails, Périodes
A3: C18 exclu | B3: PASS | C3: Statut attendu NOT_APPLICABLE
A4: B01/B02 séparés du tenant A | B4: PASS | C4: Filtrer la colonne Tenant
A5: Paies DRAFT exclues | B5: PASS | C5: La rémunération éligible vaut zéro si statut différent de FINALIZED
A6: C13 utilise 4 mois | B6: PASS | C6: Nombre de paies utilisées = 4
A7: C14 utilise le fallback | B7: PASS | C7: Aucune paie ; base fallback contractuelle
A8: C15 exclut les frais | B8: PASS | C8: Les frais ne sont pas inclus dans les colonnes K/L de Périodes
A9: C16 inclut les primes | B9: PASS | C9: Primes éligibles incluses dans les colonnes K/L
A10: Formules vérifiées par le responsable paie | B10: SIGNÉ PAR KABRE THEODORE | C10: Contrôle indépendant obligatoire
A11: Checksum SHA-256 | B11: 8eacf7e09a5827e93c2deba2420fad6934f156ff6507da21ac761dc02fe7b2eb | C11: Après signature et enregistrement final
